player_country,first_name,last_name,goals_scored,champions_league_matches_played,english_league_matches_played,minutes_played,assists,tackles,age
China,Hermie,Pusey,10,15,32,299,25,471,24
Georgia,Tucky,Hanshawe,14,17,31,690,72,88,19
Tanzania,Justino,Kopps,14,30,28,439,15,202,23
China,Kiley,Dorling,14,11,28,61,7,378,23
Kyrgyzstan,Codie,Parrett,2,22,18,815,64,48,28
Ethiopia,Aluino,Masselin,16,30,24,898,91,453,25
China,Korella,Smurthwaite,15,10,22,947,29,264,25
Sweden,Phaedra,Conquer,20,32,31,476,16,463,22
Colombia,Alvin,Croxley,2,31,36,975,60,272,23
France,Emory,Needs,11,38,35,173,12,309,28
Russia,Benyamin,French,18,37,28,717,68,260,27
Pakistan,Louella,Mantione,8,36,33,965,80,87,18
Brazil,Hadrian,Bellingham,1,7,36,255,55,64,21
Haiti,Michelle,Leopold,16,30,32,654,67,83,25
Philippines,Annadiane,Philson,4,31,38,921,21,356,18
Palestinian Territory,Krishnah,Rennox,20,19,18,945,53,395,28
China,Cross,Lindwasser,20,12,14,505,74,461,19
Portugal,Marshal,Cathery,8,15,22,182,62,304,23
China,Eba,Saddleton,15,7,14,166,19,89,25
China,Quinn,Corton,6,14,34,355,66,275,21
Indonesia,Judye,O'Monahan,8,33,30,720,10,28,18
China,Bella,Savaage,17,6,32,208,84,84,18
Sweden,Nicholas,Petegre,13,18,28,799,33,239,21
Argentina,Sherlocke,Dowe,4,15,39,260,23,173,27
Dominican Republic,Beauregard,Ondricek,3,35,40,332,64,446,20
Japan,Mahala,Bauduccio,16,29,21,829,29,471,23
Iran,Luella,Ruprecht,9,38,25,655,57,462,22
Sweden,Gunar,Holgan,15,15,32,370,89,194,28
Croatia,Cher,Elstone,4,12,40,472,69,397,18
Nicaragua,Merilee,Tickle,4,17,38,917,40,104,27
China,Magda,Sawforde,12,29,20,472,77,182,23
Cameroon,Margaux,La Batie,17,19,23,87,16,152,28
Jordan,Rhona,Orgel,17,8,31,796,65,184,18
Sierra Leone,Sallee,Solesbury,16,11,12,862,99,185,22
China,Aleta,Trusslove,11,15,15,447,86,295,23
Afghanistan,Vasili,Sabbatier,3,25,10,993,61,198,21
Argentina,Taite,Bonick,20,16,14,161,6,287,23
Russia,Jarrod,Goldman,3,25,11,492,87,295,30
France,Shaina,Gerrelts,15,31,31,955,95,91,18
China,Sibella,Darque,16,8,13,227,12,317,20
China,Stan,Carlucci,10,12,30,143,54,107,18
China,Janene,Cunnane,1,6,18,674,83,226,29
Philippines,Bethany,McCowan,20,15,37,951,14,220,26
Portugal,Clo,Yanshinov,10,22,36,984,38,23,24
Brazil,Daveta,Fern,5,16,11,780,25,101,25
Russia,Elga,Spurman,2,12,15,180,27,456,22
Thailand,Alic,Trimmill,5,38,17,183,61,260,22
Czech Republic,Dion,Houseman,4,31,27,120,54,298,27
China,Tobey,Miliffe,14,13,32,847,23,252,26
Japan,Hew,Winterbottom,7,34,29,584,61,330,19
Indonesia,Roslyn,Shear,10,19,26,883,59,476,24
Thailand,Van,Burdoun,20,16,26,399,53,90,29
Ireland,Angelita,Barkworth,17,27,14,135,13,34,20
China,Nyssa,Goldman,4,20,36,658,42,219,25
Egypt,Ian,Simonot,14,8,17,949,40,280,21
Serbia,Kelsy,Shreeve,8,10,22,724,34,396,19
Finland,Kaile,Elsdon,18,24,12,431,84,361,18
China,Barry,Ternault,0,12,38,486,67,193,26
Philippines,Aubine,Fanthome,11,8,30,426,79,484,23
United States,Barbee,Bilbrey,0,34,31,509,65,317,30
Armenia,Cristine,Pearsey,13,28,20,173,56,218,18
China,Emory,Tavener,3,31,12,404,81,278,21
Tunisia,Kylie,Molesworth,8,24,40,193,17,185,21
China,Asa,Clifft,8,39,39,80,12,317,19
Russia,Estella,Drowsfield,14,9,40,383,15,122,28
Peru,Robena,Symper,14,20,24,315,91,93,29
China,Dawn,O'Tierney,1,21,11,562,83,292,27
Indonesia,Corenda,Swinburne,0,26,35,762,50,29,29
Thailand,Bartel,Nendick,1,21,36,950,70,313,25
Indonesia,Rafael,Blodgetts,10,23,32,506,63,104,23
Russia,Faina,Coull,0,14,27,654,14,368,24
Madagascar,Vivia,Harvard,15,6,39,337,97,310,28
Guatemala,Brittani,Patman,9,17,28,590,77,73,25
Mexico,Creighton,Bamber,18,19,34,954,42,343,30
China,Cathy,Champ,3,18,27,999,65,90,25
Indonesia,Rowan,Tiltman,20,33,13,786,13,33,30
Turkmenistan,Griffin,Kindred,20,17,31,637,77,481,24
China,Jaquenetta,Bougen,17,9,12,785,38,211,26
Chad,Meredith,Romeuf,17,38,39,302,88,424,19
Japan,Si,Antosik,1,16,15,496,57,194,28
China,Anabelle,Ebbin,15,8,19,733,14,205,27
Vietnam,Mike,Lindley,11,21,18,515,36,404,21
China,Rikki,Jessop,3,13,36,777,44,102,27
China,Zonda,Youthed,3,34,28,488,27,258,28
China,Barbi,Frackiewicz,20,16,38,180,57,392,18
China,Nariko,Dightham,8,38,28,650,32,294,18
Portugal,Cosimo,Grinnikov,2,34,21,410,47,101,27
Sweden,Jessy,Claybourne,1,15,32,883,17,179,26
China,Correy,Fullagar,5,24,33,487,91,194,24
Japan,Doris,Boggon,5,30,22,979,55,354,30
Indonesia,Konstantine,Toolin,14,13,35,574,55,89,25
North Korea,Lizbeth,Myhill,13,37,37,1000,87,494,22
Spain,Blancha,Menham,15,32,36,962,7,157,18
Indonesia,Ned,Dulanty,12,27,11,633,22,263,26
Uganda,Ted,Caslett,16,15,27,63,14,149,24
Russia,Johnath,Pailin,16,26,32,95,73,439,30
Indonesia,Cookie,MacNeely,10,38,28,306,87,460,20
Thailand,Rosalinde,Scorey,5,34,13,724,80,201,25
Thailand,Zuzana,Ullock,12,37,38,420,76,445,27
Czech Republic,Mycah,Dawton,11,19,35,964,32,203,22
Japan,Walker,Challiss,13,35,15,792,75,484,22
Ukraine,Shelli,Dunton,8,11,26,865,74,221,23
Micronesia,Niles,Ings,6,32,38,150,34,156,24
Japan,Noni,Laughren,0,10,18,824,25,53,24
France,Sullivan,Wein,4,10,12,524,58,176,23
China,Alfy,Buckwell,9,10,37,732,91,131,22
Ukraine,Merrick,Tungay,1,33,14,453,32,33,23
Palestinian Territory,Rubia,Willis,14,18,35,170,71,31,26
Colombia,Barrie,Godbert,14,38,24,215,23,401,29
China,Kaiser,Folca,4,37,16,773,21,239,29
Russia,Carly,Benedyktowicz,12,26,37,475,18,473,29
China,Brew,Gillogley,0,13,22,109,33,86,22
Ethiopia,Shelia,Tregaskis,20,15,12,749,28,128,23
Croatia,Gipsy,Lezemore,7,19,24,82,82,283,27
China,Perren,Hickenbottom,0,28,36,125,31,420,28
Palestinian Territory,Darsie,Drayton,20,33,38,939,25,438,25
United States,Valma,Burnes,6,20,12,49,55,20,18
Russia,Anitra,Clendening,8,5,12,440,24,55,20
Chad,Karylin,Thomason,19,10,11,229,93,192,25
Philippines,Isahella,Crennan,6,7,18,110,44,389,20
China,Allyson,Mattedi,0,16,16,108,83,54,28
Tunisia,Erena,Barthropp,1,21,19,616,17,441,27
China,Timotheus,Comini,5,20,28,109,23,87,28
Iran,Huberto,Rosengren,7,21,21,401,7,334,19
Peru,Micheil,Pauwel,17,7,28,731,63,69,25
Malawi,Theodora,Falkner,20,17,39,821,95,344,24
China,Ximenez,Steart,10,29,33,966,34,170,28
France,Micheil,Huetson,17,34,30,273,28,206,20
Canada,Arlie,Beagen,16,10,10,913,90,75,26
Poland,Filmer,Hame,17,38,29,919,18,261,22
Ireland,Steffie,Saville,16,5,10,801,87,231,30
Russia,Marti,Stangoe,17,13,19,511,35,80,18
China,Redford,Fossitt,7,33,18,421,28,62,29
Argentina,Lodovico,Giscken,17,11,19,942,84,436,22
Indonesia,Isaak,Harral,7,9,22,871,64,134,29
Indonesia,Erminia,Eveleigh,7,33,30,643,67,290,19
China,Thadeus,Deakes,3,39,19,467,57,100,27
Portugal,Jeno,Eskrigg,2,21,40,841,15,85,19
Poland,Liesa,McMylor,8,15,38,256,100,425,26
Sierra Leone,Libbie,Dellenbroker,15,19,16,181,68,312,26
French Polynesia,Sheila-kathryn,MacDiarmond,16,36,24,776,16,390,23
China,Britta,Orrice,16,29,25,714,7,212,24
Philippines,Corrie,Adin,7,39,10,762,85,147,30
Albania,Marga,Matthisson,6,30,19,907,44,270,27
Argentina,Kristi,Snasdell,20,30,20,707,56,158,30
Philippines,Ines,Lefwich,15,33,15,735,37,477,18
Indonesia,Hagen,Ticksall,1,33,19,90,70,183,29
Colombia,Joly,Gilli,18,13,13,910,68,394,27
Portugal,Corie,Surridge,15,13,22,521,32,59,25
Sweden,Shannon,Keelan,6,20,34,139,33,218,30
Portugal,Helenelizabeth,Tuley,12,12,30,237,54,289,24
Croatia,Izzy,Margrie,19,6,21,769,6,89,25
Ethiopia,Haskel,Hargate,14,30,18,227,85,106,18
Jordan,Deva,Fiddyment,18,35,26,94,80,489,21
Russia,Howard,Stoggell,5,31,31,438,44,118,22
Japan,Verge,Baversor,4,25,21,972,33,101,19
China,Yuma,Fosher,12,7,23,481,32,192,19
China,Philip,Wyson,2,35,33,735,12,450,20
China,Ferd,Lampert,4,38,24,680,6,406,20
Portugal,Desirae,Reedman,2,25,15,633,78,279,25
Bangladesh,Borg,Dust,9,12,23,540,8,305,28
Brazil,Carolyn,Ovize,13,6,30,645,40,335,26
Philippines,Whitman,Sudworth,14,14,39,492,63,393,19
Peru,Ashton,Sabbin,16,17,30,894,11,479,28
Armenia,Felike,Hughs,16,34,30,910,95,266,23
Russia,Dick,Casali,19,29,35,156,87,187,23
China,Garwood,Reaveley,13,5,27,807,16,426,24
France,Dietrich,McKellar,8,39,10,676,40,193,21
China,Tommy,Mustoo,16,31,38,366,87,475,26
Malaysia,Sylas,Brammar,18,29,15,419,59,383,29
Japan,Richmond,Silver,12,6,39,888,44,138,24
Indonesia,Alden,Snoddin,8,12,40,544,98,488,26
China,Lark,Scamadin,18,18,11,397,38,429,23
Indonesia,Maje,Enevoldsen,10,16,24,525,67,287,19
Syria,Rayner,Shilstone,11,32,38,205,66,179,18
China,Thaddeus,De Domenico,16,8,20,920,91,473,27
Indonesia,Benji,Fones,6,29,18,689,87,263,21
South Africa,Willie,Sier,17,12,20,488,24,221,22
Indonesia,Glendon,Jenkerson,1,27,23,547,45,193,27
Portugal,Barbie,Chester,1,27,12,876,51,62,28
Guinea,Fonsie,Sancho,16,14,25,549,95,370,23
Portugal,Cord,Bahde,3,6,40,975,60,60,29
Brazil,Brander,Kilgrove,3,29,15,846,62,383,28
Indonesia,Carmon,Dietmar,5,26,16,480,7,28,30
China,Lianna,Oade,3,28,11,380,66,306,24
Philippines,Lalo,Hardington,19,11,29,796,6,282,25
Russia,Etty,Bergen,9,19,15,154,51,238,23
Japan,Reagan,Axleby,6,18,30,531,42,101,26
New Zealand,Gardner,Pyburn,10,15,25,775,6,376,29
Philippines,Marigold,McLaughlan,16,25,29,864,24,88,21
Egypt,Bianka,Nealy,19,27,35,745,66,162,24
Thailand,Janean,Reay,10,28,24,433,57,394,30
Guatemala,Flo,Everiss,9,8,11,199,86,413,22
United States,Aron,Ivshin,1,7,25,553,45,450,27
China,Luise,MacKowle,2,13,21,668,23,304,23
Luxembourg,Nahum,Mohamed,20,27,37,923,86,345,22
Russia,Mara,Turfitt,2,11,19,609,12,320,19
China,Susi,Blackborn,12,11,21,173,10,159,24
China,Dacie,Sulter,20,38,25,598,43,298,28
Argentina,Hilary,Silbert,17,36,24,543,24,414,30
China,Mamie,Keighley,7,22,32,720,15,464,18
Syria,Tad,Raatz,3,6,13,145,76,284,29
Finland,Greg,Veeler,19,17,39,830,84,482,30
Indonesia,Hieronymus,Hansen,5,26,28,489,31,201,26
Indonesia,Angel,Rodriguez,5,23,21,706,83,226,27
Indonesia,Maurie,Hun,15,30,23,539,97,438,19
Venezuela,Denice,Streetley,6,27,18,582,22,313,22
Serbia,Luis,Tregaskis,9,16,26,359,49,377,19
China,Kelsey,Clementel,16,27,15,421,49,52,18
China,Cindra,Gallienne,2,33,16,232,24,81,19
Indonesia,Hallie,Starmore,9,30,40,86,51,222,21
Western Sahara,Glori,Hodgin,9,25,34,481,47,195,29
Ireland,Kendrick,Nitti,19,21,13,977,80,65,30
China,Kate,MacAlroy,5,29,17,820,93,175,22
Indonesia,Lotte,Wyllis,4,12,39,190,73,195,20
Philippines,Opaline,Garmey,4,14,10,421,18,214,30
China,Marve,Wheeldon,3,8,13,285,53,380,25
Mexico,Rollo,Jemmett,3,9,16,404,84,69,30
China,Lisle,Tracy,13,31,35,798,49,130,28
Canada,Norman,Fellibrand,0,20,38,403,94,151,20
Yemen,Aile,Payton,5,28,13,711,64,137,29
China,Nataniel,McInally,15,33,16,503,27,463,26
Brazil,Tuesday,Gullyes,3,5,16,309,21,127,18
Indonesia,Kitti,Cod,10,9,16,327,27,298,21
United States,Dimitri,Tille,3,36,16,641,58,130,30
Peru,Reinwald,Blankett,6,32,35,524,78,38,27
Brazil,Hamilton,Nafzger,0,11,17,758,17,295,20
Sri Lanka,Ernst,Duligall,5,33,38,818,90,429,23
South Africa,Jaine,Bullers,2,21,16,105,72,418,23
Indonesia,Wilone,Cocksedge,5,8,31,381,94,446,21
Czech Republic,Therese,Rosengren,15,22,24,687,11,234,18
Thailand,Dyna,Gyngell,4,10,26,824,50,367,20
Benin,Sella,Mattock,10,11,33,581,99,445,30
Philippines,Calhoun,Vearncomb,10,31,40,397,99,284,30
Austria,Piotr,Sperrett,11,35,27,396,37,166,30
Czech Republic,Hildy,Chrishop,3,34,30,691,81,327,18
Poland,Winfred,Kirton,11,17,32,596,7,451,23
Ethiopia,Laryssa,Trahear,17,11,27,867,8,97,28
China,Lorie,Eschalotte,14,27,20,499,30,258,21
Finland,Niko,Barstock,0,26,24,427,66,403,24
China,Locke,Duns,2,10,19,172,36,330,30
Nepal,Benedict,Macewan,12,32,18,624,98,144,23
Indonesia,Gennifer,Tubbles,2,32,34,679,18,474,19
China,Caryl,Hamnett,20,33,19,89,79,118,28
Russia,Barbabra,Moreno,9,22,24,880,82,481,29
Russia,Jemimah,Cawse,19,37,29,625,78,388,19
Poland,Jdavie,Hauch,20,39,29,330,20,487,26
Philippines,Marrilee,Atkyns,16,11,31,682,50,223,18
China,Nathanael,MacKaile,17,29,19,495,63,422,23
United States,Katie,Neave,4,34,27,656,89,143,19
Russia,Katti,Tourner,12,24,40,446,13,133,18
Indonesia,Astrix,Paye,16,24,21,244,34,172,21
China,Fredric,Abbis,8,25,21,161,49,222,20
Yemen,Rene,Cavalier,17,10,16,982,14,310,24
Japan,Joscelin,Bulman,8,30,19,58,14,149,18
China,Wendeline,Kinsella,3,22,19,120,18,97,22
Greece,Pooh,Holwell,8,8,24,983,29,138,27
Tunisia,Hermione,Selwyn,15,35,24,560,5,292,23
Indonesia,Adaline,Readshall,9,15,24,542,32,333,28
Portugal,Ailsun,Cornthwaite,5,35,16,495,34,424,21
China,Jarrad,Youtead,14,20,25,320,69,449,18
China,Mendie,Hofer,6,18,13,233,82,30,23
Thailand,Lauralee,McGinley,19,6,34,98,76,306,22
Norway,Brandais,Mitskevich,13,38,20,85,94,406,21
Colombia,Ynes,Mathonnet,14,28,10,835,34,452,28
France,Raeann,Josofovitz,4,17,34,245,55,240,20
Indonesia,Kiele,Paley,19,17,35,889,75,341,19
United States,Vallie,Pickring,19,9,14,587,14,442,25
Tunisia,Adaline,Kinneally,10,6,14,706,94,51,29
Philippines,Denys,Dovydenas,7,29,34,834,60,30,30
Philippines,Muffin,Bothe,15,25,19,634,49,394,22
Russia,Yasmin,Tanton,10,29,16,608,99,329,23
Yemen,Freedman,Hare,20,24,40,846,99,490,26
Thailand,Maggy,Domone,15,6,35,593,79,271,26
South Korea,Free,Arnet,17,32,21,807,36,190,19
Greece,Evita,Raison,11,39,19,649,12,295,20
Poland,Willie,Bart,10,25,24,999,71,206,27
South Korea,Zita,Batts,10,16,28,499,93,203,29
Poland,Alikee,Fleote,0,38,14,233,6,228,29
Sweden,Corny,Youens,17,15,39,45,63,206,23
Brazil,Rubie,Wyborn,3,19,35,663,76,182,21
Colombia,Ophelia,Van Waadenburg,17,12,19,428,21,458,21
Russia,Tammy,Mabbot,9,34,17,866,17,125,30
Brazil,Gabrielle,Pippin,4,29,29,517,12,346,21
Russia,Didi,Aulsford,5,22,31,997,6,381,22
China,Trisha,Abrahamsson,15,26,36,60,47,248,25
Palestinian Territory,Colene,Schistl,19,11,12,839,85,65,28
Latvia,Hervey,Hinder,13,28,27,779,23,96,29
Indonesia,Guss,Odegaard,6,22,33,144,86,104,21
Sweden,Kyla,Demageard,20,12,24,373,75,344,26
Indonesia,Othella,Rosenstiel,3,36,29,852,25,73,27
Indonesia,Coop,Harbert,14,7,20,248,74,225,26
China,Jimmie,Skells,3,33,31,351,53,32,24
Madagascar,Edeline,Vasic,18,35,28,920,80,401,22
China,Horace,Mapstone,15,36,22,923,34,153,20
Serbia,Clare,Mackilpatrick,1,24,39,80,37,332,25
Vietnam,Mirabel,Scourge,12,35,23,948,22,203,23
China,Mayer,Kopelman,4,21,35,495,50,349,28
Indonesia,Olivia,Rainer,16,29,18,317,9,489,24
Chad,Nikolai,Escoffier,7,18,30,380,5,224,20
Brazil,Malvin,Brownbill,16,26,15,127,42,81,28
Nigeria,Juan,Cattini,20,35,39,937,94,446,22
Guinea-Bissau,Boycie,Stukings,4,38,27,927,83,203,24
Portugal,Rubetta,Cumming,13,5,37,661,60,228,28
Sweden,Fremont,MacBrearty,12,36,11,228,96,367,19
Vietnam,Lesly,Simoneschi,3,9,21,363,42,129,28
Philippines,Berkie,Bole,15,13,13,496,13,488,24
Indonesia,Lorrayne,Dyet,10,24,14,83,8,306,21
China,Porter,McAvinchey,8,11,30,142,24,319,21
Cameroon,Billie,Eagleton,8,18,38,821,31,41,20
Iran,Pepe,Kilmurray,4,10,12,883,54,42,24
Brazil,Carine,Porte,9,23,38,444,42,37,20
Japan,Joan,Elmore,16,24,24,477,33,493,24
Russia,Andrei,Hazelton,9,22,10,106,68,313,21
Russia,Rubie,O'Dennehy,12,10,17,616,96,251,27
Brazil,Helaine,Hurrion,0,23,27,850,17,426,20
Israel,Steffie,Fitton,9,9,26,247,18,377,21
United States,Reinhard,Marsham,2,25,30,641,53,241,27
Philippines,Jaquelyn,Frend,20,22,26,707,86,121,26
Russia,Stevie,Scotney,17,27,36,485,40,32,22
Philippines,Cookie,Teresi,10,23,36,639,9,156,29
Brazil,Perren,Beckwith,15,6,18,840,52,339,27
China,Denver,O'Spellissey,2,20,24,991,71,460,19
Czech Republic,Esther,Cloney,3,17,10,587,10,412,20
Dominican Republic,Moyna,Tipler,3,23,28,605,96,67,20
Peru,Flint,Searston,4,25,27,484,23,312,18
Ireland,Keelia,Knyvett,11,38,17,999,26,135,19
Thailand,Ulrikaumeko,Gobel,3,16,38,399,39,78,20
Indonesia,Tiphani,Filyashin,3,22,10,946,91,316,26
United States,Alon,Prichet,8,6,39,240,31,211,20
France,Royal,Klaas,8,5,37,113,63,160,24
Philippines,Jeni,Wackett,10,34,13,693,36,166,22
Sweden,Caria,Gravestone,12,25,40,983,23,444,25
Colombia,Genna,Gilloran,5,16,19,827,23,496,25
Mexico,Herta,Adamczyk,11,36,29,406,42,321,30
China,Jan,Willmot,14,21,29,128,43,139,27
Brazil,Joya,Hambridge,8,37,34,227,26,135,20
Laos,Kenneth,Reoch,1,24,11,849,91,385,29
Greece,Lizette,Showl,16,35,23,141,83,151,18
Russia,Bealle,Hearthfield,11,8,39,737,86,25,27
Sweden,Bambie,Ozelton,14,26,31,511,77,500,23
China,Jack,George,3,26,40,694,20,151,21
China,Butch,Heilds,15,7,22,999,27,475,28
Sweden,Daveta,Natalie,15,7,35,844,15,372,27
Thailand,Rogerio,Booley,11,22,26,518,94,467,24
China,Atlanta,Coppen,16,18,40,164,94,164,29
Mexico,Fey,Callaby,9,24,29,144,94,246,20
Luxembourg,Irving,McPhilemy,15,6,10,305,29,202,28
China,Franklyn,MacDowall,16,9,13,820,41,357,19
China,Staci,Hawley,7,6,23,387,20,51,27
Saudi Arabia,Annice,Segge,11,7,28,474,80,372,19
Morocco,Keelia,Ayerst,1,12,23,827,9,202,19
Jamaica,Ezmeralda,Full,11,15,18,982,84,269,22
Tunisia,Hakim,Eslie,3,10,10,360,41,437,29
Palestinian Territory,Axe,Dinnis,5,11,10,630,81,411,26
Brazil,Giovanni,MacKaile,7,22,34,558,78,340,25
South Africa,Bianka,Fardon,12,28,40,713,40,324,19
Mexico,Estella,Minchi,19,10,20,715,100,206,21
Thailand,Billie,d'Escoffier,7,5,33,845,46,107,24
China,Francisco,Antoni,4,34,27,277,67,435,25
Portugal,Malina,Heinzel,8,10,26,405,45,67,24
Russia,Rodd,Dysert,1,10,10,54,90,191,25
France,Timothea,Bascombe,20,29,17,354,10,309,25
Russia,Kendre,Beverley,10,26,18,931,19,474,26
Sweden,Chloe,McRill,10,8,34,788,65,73,28
Brazil,Fabian,Dinse,14,25,10,526,21,63,24
Argentina,Gasper,Godsal,12,37,25,379,83,129,24
Vietnam,Charo,Simonite,16,16,18,85,22,264,30
China,Erena,Elford,4,35,33,922,9,250,18
Hungary,Dominique,Petrichat,12,17,36,910,44,173,22
Venezuela,Oswald,Gounod,5,39,15,438,29,402,24
Afghanistan,Hallsy,Nussgen,0,29,11,249,54,262,23
Philippines,Nigel,Jiri,18,17,20,75,15,490,30
North Korea,Karon,Stollard,16,25,17,565,62,473,24
China,Lucretia,Bowmer,15,24,13,486,12,397,21
Russia,Cyb,Eliasson,4,5,11,638,98,432,27
Bolivia,Lothario,Jayes,5,36,27,333,16,355,18
Russia,Cameron,Lafayette,14,37,23,732,24,255,21
Russia,Wittie,Calow,17,19,30,190,10,132,21
Colombia,Bary,Hardington,15,16,33,326,59,95,25
Uzbekistan,Moishe,Errichelli,5,37,25,225,26,222,20
France,Ermina,Roskams,20,29,32,432,83,81,24
China,Kelly,Ellicock,9,23,13,99,33,438,27
Colombia,Suki,Rusk,11,17,21,112,13,495,23
United States,Dulcea,Wellbank,7,19,27,569,28,324,18
China,Chane,Oaten,0,28,12,84,79,24,19
Indonesia,Gar,Gatfield,0,14,37,680,77,103,25
Indonesia,Tamra,Davana,11,6,24,605,79,427,27
United States,Thalia,Peirson,15,36,11,792,15,99,27
Portugal,Bonita,Bambrough,7,9,13,777,92,289,23
Colombia,Lyndsey,Dulinty,1,30,10,802,21,389,22
United States,Elka,Streatfield,1,27,25,280,95,377,25
Poland,Nolana,Harrismith,1,11,36,243,31,69,23
Portugal,Chrystel,Jarrad,0,29,33,455,29,106,18
China,Herta,Scrimgeour,18,26,34,108,23,486,19
Philippines,Yvonne,Incogna,6,38,33,577,21,206,18
Serbia,Merlina,MacKnockiter,7,7,12,532,58,242,19
Mexico,Trenton,Gillino,6,11,37,765,12,261,30
Bosnia and Herzegovina,Melissa,Hildred,13,9,37,458,94,84,29
Indonesia,Lena,Lumley,16,6,13,935,18,430,19
Philippines,Jonis,Skaife,5,24,14,46,26,88,21
Turkmenistan,Perl,Tuite,2,33,39,200,9,50,26
Indonesia,Mahmud,Kirkman,13,26,39,996,47,227,29
Argentina,Gray,Tourne,12,39,14,646,68,380,21
Russia,Giacinta,Pittel,15,25,10,524,47,461,23
Indonesia,Gay,Carlsen,0,8,24,913,80,319,22
France,Tobin,Eddicott,13,21,27,192,35,362,24
Indonesia,Dorie,Sheward,2,35,11,776,31,328,20
Hong Kong,Dominique,De Few,19,38,15,156,88,360,18
China,Raychel,Ellum,0,11,24,273,30,141,25
Russia,Leah,Calderonello,6,30,25,542,13,262,21
Somalia,Cris,Belchamber,11,16,33,647,79,208,28
Indonesia,Hedi,Kerwen,14,36,40,737,33,393,19
United States,Aurelie,Cicetti,20,19,28,429,27,110,30
Peru,Alejandro,Hover,17,29,13,914,17,270,30
France,Toni,Gaule,15,9,16,203,20,366,26
Indonesia,Nora,Rzehor,11,31,23,366,49,21,24
Norway,Malachi,Leeder,4,39,40,634,47,252,21
Bosnia and Herzegovina,Missy,Towsie,9,5,11,86,6,489,28
Philippines,Warner,Gareisr,4,35,25,815,34,322,24
Indonesia,Salome,Gable,5,12,24,239,34,280,25
Ukraine,Silva,Yatman,1,24,27,659,54,135,27
Russia,Field,Marchington,20,15,21,821,8,436,25
China,Dionisio,Kell,6,27,31,815,83,133,28
China,El,Pogosian,19,37,31,625,24,237,23
France,Hendrick,Eplett,20,21,14,83,37,54,30
United States,Lorry,Gronow,16,36,27,375,24,491,25
Czech Republic,Andreas,Fuzzens,13,10,35,760,38,287,22
China,Leonhard,Shone,20,19,32,918,93,155,29
China,Ramona,Suff,7,25,29,241,81,265,18
Portugal,Sanford,Turfes,12,33,36,398,17,42,28
Indonesia,Andriette,Missington,16,30,36,248,51,282,30
China,Chrissie,Brabban,6,32,14,536,44,104,18
China,Ely,Hirche,19,27,31,285,51,464,21
Thailand,Lucho,Jacqueminot,9,32,35,461,75,426,20
China,Lombard,Basey,8,11,29,994,80,350,23
Thailand,Tatum,Forte,4,20,40,968,94,186,29
Peru,Janene,Eginton,6,20,24,356,59,164,21
Nigeria,Berget,Smurfitt,1,21,37,745,45,119,27
Russia,Birk,Waterhouse,5,19,25,840,93,202,26
Vietnam,Calvin,Ansley,9,13,40,577,31,111,26
Canada,Larissa,Gregoriou,6,16,28,901,77,313,30
France,Taber,Cymper,2,18,24,296,49,375,27
China,Brooke,Gossling,17,37,34,531,75,46,24
United States,Lucie,Walhedd,7,10,26,191,20,449,29
Indonesia,Corry,Airton,3,6,38,687,94,268,24
Philippines,Micheline,McKeown,17,27,18,852,12,144,29
China,Rey,Spanswick,18,35,19,853,36,123,29
Czech Republic,Rodrick,Vargas,14,8,11,62,43,458,21
Indonesia,Hartwell,Pabelik,7,17,27,313,55,138,22
Sweden,Shane,MacGoun,14,23,13,164,58,229,24
Mexico,Nickolas,Fydoe,4,13,19,411,77,49,20
Philippines,Lory,Shew,2,7,13,644,95,370,22
Philippines,Bryon,Wane,19,30,39,116,36,500,26
China,Jerrold,Remmers,18,36,27,710,44,399,19
Sweden,Hildy,Ert,1,10,26,408,20,387,20
China,Stepha,Cordingley,17,33,39,374,57,74,23
China,Elene,Stickley,16,27,36,674,65,342,20
Canada,Udale,Cumes,19,36,37,345,29,69,23
Monaco,Leann,McGing,11,38,19,983,58,438,28
France,Lovell,McCrea,20,30,33,458,59,270,20
Indonesia,Alexander,Escolme,12,38,32,583,44,160,30
Guinea,Roda,Aberdeen,18,39,18,918,80,462,24
China,Denice,Denman,1,32,40,755,8,340,19
Egypt,Marcelo,Norwich,2,32,29,287,75,58,21
Japan,Spence,MacKim,14,9,28,719,70,289,28
China,Edgardo,Shepley,2,18,30,224,61,419,25
Indonesia,Halimeda,Berick,8,20,22,771,28,334,22
Ukraine,Kalvin,Brewerton,4,13,29,708,25,83,28
Peru,Xylia,Wiggins,8,24,39,725,53,360,26
Philippines,Zarah,Tiplady,10,27,34,882,61,405,24
Serbia,Brinna,Skentelbery,11,37,15,653,7,488,29
China,Drucill,Wiggall,1,9,25,927,24,423,30
Vietnam,Candra,Boc,8,17,19,781,34,364,25
Russia,Wyndham,Tebb,7,39,25,994,91,473,29
Spain,Violante,Daveren,2,5,20,95,46,388,23
France,Dew,Bourtoumieux,2,33,25,390,21,467,22
Indonesia,Dag,Files,2,17,17,750,57,47,20
Finland,Filippo,Hughill,11,29,21,832,25,57,28
Indonesia,Emmi,Whitelaw,19,21,25,652,82,155,18
China,Alfy,Tarry,17,26,16,67,83,61,28
Iran,Ralf,Canizares,4,30,22,930,94,224,18
Vietnam,Regan,Tarpey,19,19,27,419,36,356,30
Philippines,Caryl,Boraston,2,29,17,971,8,82,27
Paraguay,Tobe,Brazer,11,31,11,325,69,53,22
Indonesia,Oona,MacIntosh,4,6,23,176,67,260,26
China,Ky,Muzzall,14,11,33,637,76,404,18
Indonesia,Octavia,Cossell,14,24,11,646,76,256,24
Greece,Joyce,Milkeham,12,36,14,70,49,496,29
Panama,Lionel,Faas,0,28,20,569,38,468,20
Finland,Elana,Gimber,16,8,11,386,72,391,22
China,Bobbette,Carl,1,12,21,754,59,21,27
Czech Republic,Clea,Belch,4,23,18,944,16,491,26
China,Celinda,Dunlop,2,25,22,810,63,220,25
Norway,Nathalia,Duester,0,11,22,443,11,381,21
Brazil,Vallie,Charlton,6,15,32,701,10,363,19
China,Tommie,Jacobovitz,11,28,35,246,48,386,18
Philippines,Pietrek,Peppard,1,9,19,49,89,392,30
Argentina,Lorilee,Batson,18,34,23,390,32,117,24
China,Leda,O'Feeney,10,14,22,285,30,23,18
Vietnam,Bobbie,Gotecliffe,11,13,18,413,35,359,20
Malawi,Gaylene,Durban,5,33,35,995,16,27,20
Afghanistan,Dorri,Gorton,5,25,25,259,35,491,22
Australia,Bertrando,Loftin,10,9,23,329,8,340,25
Indonesia,Gabey,Yakobovitz,12,33,27,670,92,74,18
Thailand,Auroora,Portal,9,12,38,230,99,161,25
Ukraine,Duke,Wadwell,15,33,39,885,85,151,24
Ukraine,Johna,Pimlock,19,5,21,261,100,34,23
Sweden,Shermie,Kempstone,20,27,20,879,17,498,27
Russia,Dorie,Niesel,10,20,12,184,100,462,25
China,Myrna,Kilfedder,3,21,18,200,85,125,19
Yemen,Meaghan,Simko,17,15,15,537,20,21,20
Syria,Maxy,Creed,10,36,19,856,35,21,22
Greece,Ephrem,Doughty,8,19,31,941,36,357,24
Mexico,Faith,Carrick,4,23,29,768,100,132,18
Russia,Silas,Blazhevich,15,27,15,233,79,215,24
Portugal,Eleni,Fullylove,14,39,24,97,14,212,22
Russia,Arty,Levay,6,28,19,980,98,143,26
Indonesia,Elmore,Arnley,1,20,25,677,83,83,29
Poland,Daryn,Fealey,11,11,25,85,56,325,23
Philippines,Becki,Hamlin,9,32,33,930,12,451,23
Croatia,Prudy,Meritt,6,13,15,938,38,213,27
Indonesia,Caterina,Zarfat,17,13,11,609,24,162,18
Czech Republic,Joshuah,Bourthoumieux,15,28,13,773,9,439,28
Brazil,Krystal,Kirvell,7,16,34,884,93,330,25
France,Feodor,Drohane,2,33,27,935,71,315,18
China,Gustie,Fillgate,11,12,32,707,10,83,30
Nigeria,Tamarra,Andreopolos,0,24,35,740,32,99,22
Czech Republic,Bondie,Hinnerk,3,19,30,439,10,281,26
France,Bruis,Bugg,17,12,40,982,50,370,19
Indonesia,Avigdor,Preuvost,18,35,12,781,62,52,27
France,Davina,Macer,0,26,23,248,61,177,18
Madagascar,Coraline,Killerby,19,34,11,410,13,440,27
China,Imojean,Braker,8,17,22,195,22,143,22
Azerbaijan,Nadia,Bagguley,7,36,28,914,27,253,30
Afghanistan,Sonia,Olpin,1,19,22,285,20,499,29
Cuba,Geordie,Cancott,3,22,12,248,46,158,29
Japan,Ronny,McLice,2,22,28,395,86,461,29
Brazil,Rolph,Dart,0,16,33,666,97,465,30
China,Mable,Croal,8,26,30,420,57,394,20
Russia,Paulie,Fishbourn,5,31,28,995,26,185,29
Philippines,Vallie,Verdon,8,21,39,850,75,298,23
Peru,Myrah,Cockshut,3,34,14,379,42,263,23
Indonesia,Jervis,Denkel,11,10,27,53,27,337,20
Portugal,Donalt,Kuhwald,3,33,15,366,19,278,18
Laos,Kinny,Gianasi,5,34,36,453,20,28,21
Philippines,Larissa,Warin,7,37,11,837,99,387,27
China,Shelby,Cowburn,19,21,12,148,94,283,22
France,Melitta,Nibloe,1,24,28,680,28,189,30
Indonesia,Ivie,Behnke,9,17,15,235,25,493,23
Poland,Arleyne,Willis,7,34,22,513,49,313,26
Sweden,Dorian,Korf,6,34,36,872,57,237,28
China,Gweneth,Oles,4,23,35,680,94,306,19
Lithuania,Carlyn,Oles,11,19,40,684,77,159,23
China,Blythe,Linfield,2,28,10,57,44,282,27
Indonesia,Andria,Bohills,11,38,35,53,73,57,26
United States,Earl,Patesel,13,10,33,401,20,134,24
China,Welch,Maycey,13,32,27,304,21,201,30
Portugal,Peri,Matson,10,5,33,882,97,174,20
Iran,Cloris,Liversage,8,5,20,370,52,395,29
Mexico,Margalo,Scholcroft,2,5,19,942,72,469,28
Russia,Derrek,Leport,20,6,17,438,33,470,23
Russia,Obadiah,Bauchop,16,36,13,541,40,398,28
Argentina,Haze,Abramof,11,19,30,171,98,303,19
Indonesia,Marion,Leworthy,0,15,34,329,64,121,18
Brazil,Gerhardt,Duly,9,26,22,792,61,260,26
Ireland,Finlay,Giggs,6,15,27,274,16,479,28
China,Bill,MacParlan,15,11,22,105,76,111,30
China,Jessie,Worpole,17,17,34,93,22,22,19
China,Tobie,Brownfield,7,20,12,85,98,458,29
India,Dickie,Strathe,16,5,24,45,92,281,27
Thailand,Sally,Folliott,15,32,34,346,8,254,29
Philippines,Moritz,Camacke,13,25,18,246,27,56,28
Russia,Pietra,Supple,6,16,34,210,36,68,19
China,Riane,Taile,3,25,38,322,99,471,27
Kenya,Kyle,Lyver,10,33,11,236,80,380,19
Guyana,Katuscha,Taplow,12,30,22,319,38,86,24
Russia,Kalila,Sexstone,0,26,16,239,32,71,30
Uruguay,Thorsten,Medgwick,12,22,39,924,64,122,19
Poland,Nichols,Glenny,5,30,13,964,64,30,18
China,Tallou,Atthowe,9,15,25,763,61,332,27
China,Austina,Dallimare,0,35,39,595,59,368,26
Peru,Kane,Shwalbe,17,11,16,636,21,391,26
Sweden,Broddie,Ivannikov,15,36,26,555,68,156,23
China,Ari,Goodlet,15,15,23,782,75,208,24
China,Grenville,Rehm,6,13,11,498,58,73,29
China,Valma,Poynor,13,8,33,195,91,288,18
Ukraine,Evey,Gorey,4,27,37,647,38,372,23
Mali,Rodolfo,Emmison,2,11,11,688,21,40,27
Poland,Corly,Del Castello,0,10,15,682,52,344,18
Russia,Fairleigh,Gasnell,3,20,38,641,57,122,30
China,Bethena,Mullinger,16,37,30,260,13,417,26
Indonesia,Camey,Apted,13,31,40,81,61,44,21
Kazakhstan,Katy,Readings,4,14,20,306,18,246,22
Vietnam,Cathee,Imloch,16,27,23,699,12,409,23
Chile,Waverly,Ebbitt,19,36,20,573,94,408,21
Portugal,Rosina,Boake,17,32,31,445,70,80,26
Azerbaijan,Sharyl,Trowsdale,7,24,24,941,84,88,28
China,Cortie,Galland,1,32,13,600,99,86,26
Indonesia,Barri,Castard,17,8,16,909,17,430,28
Brazil,Beatriz,Teather,3,36,12,127,21,486,29
Czech Republic,Ambur,Stickins,11,38,39,932,22,25,28
Argentina,Lou,Hanshawe,15,39,18,872,81,42,18
Ghana,Hayyim,McLorinan,3,14,15,306,44,430,20
Indonesia,Hube,Solan,18,20,32,748,19,447,25
Poland,Susanetta,MacNamee,2,20,23,307,81,139,20
China,Zachery,Pinnington,13,32,17,327,94,150,21
Russia,Zorana,Wonham,3,17,23,329,92,202,21
Eritrea,Annelise,Gunthorpe,14,6,31,135,71,276,28
Philippines,Job,MacCauley,16,34,27,82,89,414,23
Sweden,Gui,Dealtry,9,32,29,383,49,317,28
Serbia,Calida,Moynham,1,27,18,71,94,359,26
Colombia,King,Stainland,14,30,37,839,17,107,21
Philippines,Zorina,Southby,13,21,37,934,54,240,21
Indonesia,Krishnah,Skellon,3,10,26,525,19,293,23
Japan,Petra,Whitfield,15,33,33,113,7,168,22
Uzbekistan,Quentin,Mabey,14,39,36,72,22,22,21
China,Juieta,Lynnitt,0,25,14,114,21,204,20
Russia,Paul,Barttrum,2,25,24,660,85,348,25
China,Katherina,Czajka,19,7,23,371,26,114,28
Indonesia,Meridel,Meecher,6,13,12,811,43,220,25
Colombia,Morton,Riccione,11,36,16,249,23,147,23
Indonesia,Elaine,Gother,3,33,13,871,33,67,25
Sweden,Alvira,Happer,9,6,29,262,68,34,20
Indonesia,Gregory,Fitchew,13,28,39,964,50,361,21
Sweden,Anne,Jeary,3,18,20,275,74,356,21
El Salvador,Trey,Stormouth,3,31,23,650,87,101,28
China,Drusie,Biglin,20,33,21,668,91,48,23
China,Erinna,Quarrington,5,7,26,846,61,486,29
Indonesia,Burk,Bevar,18,20,15,819,60,25,19
Russia,Arlen,Duffit,9,18,28,613,88,108,28
China,Brynna,Lonergan,2,11,27,284,25,111,23
France,Lalo,Micklem,9,13,31,944,87,94,30
China,Ira,Habbema,4,19,19,958,54,349,30
China,Bettine,Skippings,15,27,12,164,50,44,22
China,Coralie,Seys,7,37,15,950,89,131,23
Nigeria,Leona,Oulet,1,22,26,672,8,191,30
Indonesia,Nealson,Churchard,13,13,19,734,60,284,19
Philippines,Brod,Tidcomb,8,33,33,811,97,416,19
Poland,Hollie,Dunderdale,18,10,16,304,20,257,24
Russia,Tully,Oliva,1,10,39,944,46,175,23
Greece,Madeline,Jikovsky,3,16,20,109,39,386,24
Sweden,Krystle,Chicco,14,32,29,411,62,312,30
Norway,Lori,Simioli,20,8,39,880,97,210,24
Indonesia,Silvan,Domleo,18,11,33,664,88,124,24
United States,Gill,Ertel,5,9,12,361,34,51,29
Japan,Fairlie,Gounet,20,5,34,433,35,136,24
China,Amye,Phippard,3,33,33,727,57,350,20
Philippines,Candy,Hiscoe,17,17,27,125,12,304,23
China,Rosana,Egdale,15,8,14,139,97,304,20
Indonesia,Barth,Loveless,8,15,22,57,35,407,26
Peru,Halli,Brideoke,20,6,36,356,75,468,27
Mexico,Cornie,Engel,20,34,25,110,12,230,22
Kenya,Grange,Terrazzo,17,9,36,715,18,386,23
Nigeria,Franky,Coraini,6,33,37,592,79,325,20
Philippines,Hilario,Bresner,3,27,25,531,14,87,20
Indonesia,Adora,Gardener,15,22,21,133,26,109,26
Belarus,Barb,Silcock,16,26,18,796,98,255,30
Russia,Buck,Laba,4,9,38,650,77,441,30
China,Gracia,Camfield,0,35,38,187,67,488,20
Greece,Wright,Slide,12,27,18,670,32,296,24
Bulgaria,Marlene,Tichner,14,31,18,982,99,347,27
Russia,Udell,Reven,16,20,31,508,57,407,24
Indonesia,Chelsea,Baiss,6,35,33,190,33,416,22
Poland,Lilias,Pitcaithley,14,37,28,413,49,305,21
China,Modestia,Scrimshaw,7,28,14,974,33,86,29
China,Tiebold,Kolak,10,39,24,521,53,72,26
Sweden,Drucill,Cattrall,4,22,18,229,14,489,24
Sweden,Crin,MacNeice,17,5,16,974,94,56,24
Sudan,Lissi,Maun,13,25,17,250,26,438,30
China,Jaclyn,Heims,0,22,36,151,62,216,30
United States,Giovanna,MacNeely,8,15,29,206,22,473,25
Thailand,Moll,Janodet,7,16,31,740,61,333,27
Colombia,Marigold,Larmour,18,31,16,550,36,273,21
Poland,Benedick,Gramer,18,39,32,382,37,362,30
Peru,Antonino,Einchcombe,5,15,33,846,92,194,18
China,Kevan,Cornelius,2,25,17,363,11,111,21
France,Vally,Drysdall,10,19,27,518,67,308,27
China,Bev,Stebles,6,6,31,105,69,330,28
Bulgaria,Mike,Valentine,7,28,23,481,10,105,22
Czech Republic,Cece,Flanne,9,31,40,675,62,303,21
Canada,Lauren,Phelan,15,36,11,320,27,171,20
China,Lavinia,Chesshyre,6,23,21,552,77,340,20
Venezuela,Winnie,Bagworth,5,11,29,923,49,47,22
France,Claus,O'Fallowne,8,25,33,436,42,336,25
China,Charis,Greenhead,17,9,11,765,36,160,27
Indonesia,Perkin,Stanger,17,20,12,607,71,300,22
China,Eduino,Brierton,18,30,21,867,71,458,23
Indonesia,Ferd,Luxford,10,18,26,597,29,39,21
Cameroon,Corabelle,Cuthill,11,8,36,966,13,354,30
Russia,Loria,Wimpey,17,12,20,550,77,412,20
Guatemala,Gwendolyn,McKellen,16,33,10,244,34,468,18
Costa Rica,Lawry,Larkin,1,24,26,129,45,405,20
Indonesia,Ario,Ruggiero,0,10,18,847,98,465,30
Indonesia,Drona,Piechnik,15,11,11,127,42,370,19
United States,Peggi,Pleat,12,15,19,547,13,471,26
Albania,Gwendolen,Harston,19,18,17,844,22,432,30
Thailand,Riccardo,Lyles,1,37,18,527,33,436,24
Brazil,Ibbie,Humbey,16,30,34,545,95,106,18
Philippines,Hallsy,Fullstone,11,23,22,498,96,249,27
Sweden,Heinrik,Basson,18,33,25,382,47,457,19
Indonesia,Shae,Corstorphine,20,35,14,191,35,135,28
China,Keriann,Clayton,4,16,16,75,94,233,18
China,Robinetta,Worgan,17,6,34,746,93,233,18
Russia,Kass,Rickertsen,17,30,20,47,23,337,30
China,Regine,Waby,17,14,39,727,78,95,22
Indonesia,Haily,McGreary,14,39,27,183,65,154,22
France,Blair,Ingry,3,9,17,652,43,479,28
Poland,Mendy,Chilles,16,27,38,165,72,398,28
China,Effie,Strutton,16,5,14,123,44,177,20
Mexico,Marty,Calbreath,4,33,29,726,5,243,26
China,Ardelia,Colcutt,7,16,10,246,9,461,20
China,Anette,Waadenburg,18,10,19,698,47,388,20
Mauritania,Rocky,Kendrew,3,36,27,812,93,386,22
Libya,Verene,Chmiel,6,29,30,522,40,25,24
Poland,Sadie,Tison,0,21,30,605,42,208,30
Indonesia,Frankie,Harnetty,15,31,14,175,93,403,29
Libya,Agnola,Gauler,9,39,38,763,52,212,20
Sweden,Libbi,Thorwarth,7,29,29,481,36,130,19
China,Aimee,Escreet,8,35,17,299,70,292,25
Sweden,Liz,Sear,10,37,22,143,11,409,22
Philippines,Lina,Fronks,0,9,24,230,33,424,23
Tanzania,Zandra,Masser,7,20,26,336,13,417,19
Russia,Lamont,Gonnely,17,18,30,142,49,148,19
China,Kassia,Anthonsen,3,30,26,920,14,365,27
Armenia,Carina,Twopenny,19,37,36,980,76,469,19
Egypt,Pamelina,Beneyto,11,23,15,264,41,471,28
United States,Marlyn,Riceards,14,24,11,635,55,140,18
Indonesia,Freda,Shropsheir,1,11,35,84,8,288,29
Poland,Anallise,Ezzell,1,13,25,261,36,124,20
United States,Zeb,Lucien,19,17,34,858,26,368,29
Philippines,Nadean,Gawne,8,23,12,500,100,199,26
Chad,Allyn,Ivory,1,34,27,738,27,476,28
Iran,Ania,Acres,20,7,27,824,7,163,29
China,Ezmeralda,Dicks,10,26,17,159,29,341,23
Germany,Demott,Drinkall,9,9,32,354,21,448,27
Brazil,Shantee,Langabeer,6,12,19,751,30,290,24
Brazil,Gris,Audry,5,26,18,868,40,279,30
Indonesia,Egon,Soda,5,21,29,751,7,125,27
Sweden,Laney,Bontein,1,38,17,554,61,328,18
Uganda,Florri,Mashal,18,21,23,446,43,23,21
China,Heywood,Magner,12,37,25,526,39,117,22
Philippines,Javier,Murkin,0,28,13,472,41,493,29
China,Allen,Bernier,15,10,29,974,91,90,29
Poland,Lynsey,Goold,2,5,19,174,87,389,19
Russia,Amandie,Dumbelton,6,14,30,90,99,150,29
Argentina,Sherline,Totman,0,31,29,418,75,234,21
Madagascar,Beulah,Fateley,17,26,13,468,54,304,19
France,Myrvyn,Fieldhouse,18,8,16,483,81,77,20
Gambia,Evelyn,Brazel,8,27,36,324,79,269,21
China,Ansel,Siviter,20,37,28,420,82,305,28
Russia,Tanner,Woodthorpe,4,26,11,962,59,479,20
Czech Republic,Malina,Rittelmeyer,17,27,15,191,15,258,19
Philippines,Darb,Van de Vlies,8,28,37,733,65,499,25
United Kingdom,Roth,Sherbrooke,7,14,29,603,95,407,25
Bangladesh,Gabby,Swindle,12,11,29,218,19,47,20
China,Sara,Semered,10,7,29,976,79,409,23
Ivory Coast,Mattheus,Semkins,9,11,26,127,27,148,19
China,Karena,Rentz,19,29,38,248,99,285,19
Russia,Bill,Skitt,17,10,18,781,70,119,27
Morocco,Atlanta,Fosse,11,6,10,371,22,213,21
Mexico,Brita,Elsley,8,18,35,527,45,348,30
Nigeria,Smith,Latan,12,16,21,142,90,27,26
China,Niko,Foxley,6,20,23,751,92,326,22
Thailand,Karita,Ellicock,14,6,15,68,89,189,30
Portugal,Hunfredo,Walby,0,38,12,206,44,57,30
China,Merell,Francillo,4,18,16,399,41,89,20
Afghanistan,Frederik,Keeton,10,35,34,868,44,243,25
Indonesia,Gladys,Cranke,9,18,33,293,44,210,28
China,Morly,O'Doogan,10,20,40,49,86,391,26
Poland,Durante,Cattermull,3,18,34,823,46,480,28
United States,Stevie,Schoenleiter,18,19,13,907,5,490,28
China,Clement,Goodding,3,27,10,251,34,434,27
Tajikistan,Deane,Barwell,11,5,18,949,36,323,28
Philippines,Cooper,Ubanks,19,17,13,144,11,397,25
Indonesia,Hasty,Jaggard,17,28,39,473,93,468,22
Honduras,Mikey,Tharme,18,36,10,236,53,85,18
Thailand,Atalanta,Billyard,20,20,31,492,95,140,21
Ukraine,Gweneth,Bynert,8,20,25,45,31,291,26
Indonesia,Shelden,Crawley,15,14,32,563,19,91,18
Venezuela,Marrissa,Monelle,11,27,10,981,26,380,30
Indonesia,Verge,Lougheid,16,21,10,238,96,403,23
Cuba,Bear,Dumsday,13,12,11,828,17,478,24
United States,Haleigh,Penchen,5,15,17,556,83,116,18
Portugal,Debbi,Jerrold,20,18,14,898,80,158,22
Afghanistan,Bink,Heggman,1,35,33,976,27,29,26
United States,Korey,Josilowski,8,8,34,417,20,194,19
Mongolia,Anastasie,Van Schafflaer,4,18,35,578,82,87,24
China,Dion,Trythall,3,16,12,975,77,282,27
Czech Republic,Bartel,Middlemass,7,21,27,187,60,432,25
Guatemala,Elisha,Pennick,19,28,39,809,81,217,18
Indonesia,Robena,Tunnicliffe,2,9,22,805,75,69,18
Sweden,Monroe,Station,2,34,38,846,75,121,19
China,Raleigh,Pledger,15,19,29,318,26,447,22
Mauritania,Gerek,Fowlds,7,12,19,407,42,314,25
Afghanistan,Nerti,Rozzier,1,34,13,457,77,422,18
El Salvador,Riordan,Mee,6,35,12,482,8,211,28
Ukraine,Avictor,Booi,4,29,23,516,18,250,26
China,Melvin,Froude,0,38,30,873,66,485,25
Iraq,Paulette,Tack,0,37,25,672,10,133,29
China,Derron,Conford,18,9,27,172,59,451,20
Poland,Spence,Donnellan,4,20,22,739,98,132,24
South Africa,Cary,Albinson,6,17,39,908,60,442,18
China,Kimmi,Ivanin,6,32,34,314,40,462,24
Indonesia,Veriee,Semper,15,22,40,456,36,436,25
Angola,Huntley,Stedell,13,29,23,458,49,366,29
Costa Rica,Jacinda,Cruikshanks,2,33,40,860,29,448,29
Indonesia,Leon,Simmins,16,37,21,103,29,41,30
Botswana,Elvin,Bartlet,14,14,37,813,13,343,26
Russia,Sharyl,Clerke,4,21,23,597,96,460,27
Morocco,Harlan,Greene,12,23,14,214,54,28,19
Poland,Letitia,Abrahmson,20,16,38,644,31,344,24
Italy,Kippy,Guilbert,0,36,28,173,49,418,20
Philippines,Dolly,Greatex,20,35,37,120,14,166,29
Czech Republic,Burl,Giannazzi,5,15,32,294,28,417,26
Indonesia,Margalit,Abrashkov,8,24,23,918,77,417,25
Indonesia,Stevena,Jeffress,20,11,34,721,72,318,30
China,Mirilla,Wyldbore,18,18,27,742,5,132,19
China,Wallas,Suddick,10,32,38,856,88,455,23
China,Harcourt,Tigwell,7,14,22,592,93,59,25
Czech Republic,Jeralee,De Biasi,16,25,39,482,14,398,30
Sweden,Eda,Kyle,12,16,20,408,8,379,20
Philippines,Montague,McGrotty,6,11,17,669,93,382,18
Indonesia,Lemmy,Ciccone,5,36,40,947,35,456,29
Russia,Theresina,Spratt,20,19,10,329,100,426,18
Indonesia,Raynard,McElree,9,38,19,475,57,354,22
Indonesia,Arline,Pinnijar,1,32,22,908,25,482,29
Cuba,Gery,Jennison,19,18,12,865,24,341,25
Poland,Alric,Carnock,2,17,29,123,16,98,21
Philippines,Betteanne,MacNeill,5,13,29,862,26,417,23
Indonesia,Ernest,Moncarr,3,34,22,548,16,443,20
Peru,Mendel,Tabour,18,25,18,894,6,70,30
United States,Lara,Taffe,5,35,28,778,24,112,18
Thailand,Davon,Giraldez,8,39,26,697,96,245,20
Tunisia,Janel,Sissland,0,16,27,379,16,113,24
Netherlands,Meryl,Whaley,1,24,35,310,56,393,23
China,Celestina,Hariot,19,22,23,773,96,92,24
Poland,Avivah,Paolone,11,15,32,184,73,144,18
Poland,Salvidor,Danielsen,6,13,36,102,6,183,29
China,Kaile,Pointin,2,20,15,796,30,407,24
Japan,Vivienne,Duly,20,18,16,343,84,324,18
Kazakhstan,Alisa,Bisgrove,13,24,29,775,40,454,30
Brazil,Laura,Flintoffe,8,18,30,556,12,271,27
Poland,Ginni,Feldhuhn,13,31,14,642,84,162,25
Philippines,Pernell,Haucke,4,37,25,992,28,475,28
Poland,Dasie,Feaveer,12,7,35,960,6,241,28
Russia,Sheridan,Pagden,8,28,21,388,41,385,25
Yemen,Grace,Prater,0,25,13,182,88,371,20
Russia,Poul,McGoon,6,8,15,937,61,28,23
France,Eugenie,Wheelband,2,23,16,282,52,134,22
Malaysia,Alexis,Baudy,17,13,21,237,38,206,22
Philippines,Faustine,Beseke,16,38,28,119,62,76,30
Sweden,Gaylord,Rumble,0,31,40,69,58,101,29
Sweden,Daphene,Boxen,6,8,33,778,23,403,23
China,Mureil,Braham,7,35,12,896,53,249,18
Philippines,Ariella,Hasnip,15,20,19,380,78,494,18
China,Archie,Soot,16,28,22,760,100,79,18
France,Nathan,Mor,17,28,15,800,43,118,27
Philippines,Scarlet,Risdale,7,16,11,710,8,117,25
China,Auroora,Kernes,11,34,14,380,100,339,29
Sweden,Yorgos,Mayers,16,31,38,259,77,101,21
Zambia,Sybila,Penson,5,16,27,689,56,247,18
Argentina,Morton,Winkle,4,22,29,180,17,88,19
Russia,Selby,Marron,15,24,19,693,16,371,24
Indonesia,Brynn,Piggot,13,36,14,219,45,173,24
China,Hinda,Elsworth,0,31,16,777,19,211,28
Thailand,Puff,Hamberston,12,20,24,460,22,452,24
Ecuador,Dilly,MacCook,4,33,36,841,50,392,19
Indonesia,Thomasina,Babinski,16,19,15,834,71,422,26
Philippines,Meredith,Lindstedt,9,26,40,404,57,152,26
Sweden,Ferdinand,Mabbutt,0,13,38,584,82,335,30
China,Wolf,Crowche,14,7,40,188,8,409,19
Peru,Blanca,Toler,11,35,30,327,44,420,30
Ukraine,Hercule,Northridge,7,24,34,548,26,138,25
Philippines,Gustavus,Billanie,3,19,31,174,17,128,20
China,Joell,Zaniolo,15,38,38,119,61,170,20
Argentina,Cammy,Bluschke,19,34,23,901,91,80,29
Libya,Harmon,Callf,1,26,18,794,22,294,23
Indonesia,Valry,Trangmar,12,29,19,991,35,140,21
France,Calley,Saberton,9,17,16,916,33,416,26
Sweden,Esra,Elis,6,21,34,829,70,444,30
Peru,Dalt,Pulford,9,10,14,552,28,349,27
United States,Duffie,Puttergill,13,6,38,354,71,167,18
United States,Electra,Signore,18,19,32,603,16,263,22
Russia,Sylvan,Scantleberry,2,38,39,234,94,481,23
Palestinian Territory,Yance,Allebone,2,33,18,854,12,435,21
Indonesia,Mel,Ellison,2,6,13,263,92,106,27
Egypt,Terrance,Adamson,1,26,26,752,27,395,26
Portugal,Margaretha,Neames,11,6,15,150,81,76,21
Russia,Dylan,Slatford,3,16,14,291,37,295,28
Japan,Kirsten,Austin,20,27,20,238,51,367,28
Indonesia,Maddie,Hazlehurst,1,7,16,47,21,210,24
Ukraine,Gawain,Ostler,12,23,39,73,33,473,20
Belarus,Viviene,Bernardon,9,33,14,453,5,183,26
China,Emlynn,Beverstock,11,15,23,511,11,415,27
Portugal,Allsun,Gwyther,0,7,17,136,61,102,27
Thailand,Alfy,Ducket,20,15,36,511,60,280,28
Bolivia,Libbi,Reay,10,30,29,813,24,151,25
Sweden,Aeriell,Mc-Kerley,5,22,14,835,23,432,30
France,Cassie,Montrose,8,31,16,686,34,113,22
Japan,Efren,Godding,1,7,36,299,57,371,29
Angola,Amargo,Mouth,6,19,24,137,27,345,18
Argentina,Rabbi,Acres,17,16,13,973,86,106,29
China,Delano,Filchakov,20,12,39,855,27,134,29
Canada,Quint,Mosdall,14,16,31,672,91,288,28
Philippines,Gayel,Sergeaunt,20,6,18,728,19,272,28
China,Wolfgang,Stockton,19,14,15,872,29,121,19
Ivory Coast,Niall,Cabrales,20,37,40,213,95,80,24
Indonesia,Davey,Wraighte,20,23,22,988,83,488,30
Jamaica,Noe,Lafford,0,16,10,841,81,248,21
Russia,Douglas,Mongeot,10,34,28,160,41,373,24
China,Angie,Tape,4,9,24,371,61,403,22
Albania,Jacynth,Burris,7,28,21,65,87,408,23
Uganda,Lockwood,Salkild,8,33,19,637,42,58,27
Russia,Sylvia,Spybey,9,37,35,171,47,181,23
Hungary,Onfroi,Candwell,8,12,30,980,83,342,27
China,Yale,Rubinovitch,15,38,32,311,97,191,28
Senegal,Gerianna,Ascough,20,38,28,562,97,344,22
Malawi,Catherin,Gorke,3,27,39,785,86,132,20
Bangladesh,Bobette,Solomonides,18,27,23,398,45,261,29
China,Jaimie,Prichet,16,15,33,239,30,211,23
Poland,Logan,Caret,3,22,30,998,55,182,24
Indonesia,Eyde,Westlake,4,22,10,794,93,348,29
Poland,Stanislas,Hatje,13,36,29,520,55,303,26
Yemen,Florette,Nanninini,0,21,13,423,51,326,19
Belarus,Lucila,Shillaker,16,12,40,993,81,411,25
Kazakhstan,Krista,Lafoy,5,25,20,883,57,437,30
Equatorial Guinea,Letizia,Abram,19,20,29,873,57,273,18
Myanmar,Mabel,Hallgate,3,13,28,518,13,435,29
South Korea,Valentina,Griffen,18,19,13,155,89,355,22
Liechtenstein,Oriana,Lomasny,3,22,34,932,18,225,19
Mexico,Norina,Stearne,18,31,20,618,38,100,29
France,Ursa,Westcot,12,8,28,515,43,355,30
Turkmenistan,Thorn,Snoddin,3,16,29,734,69,196,27
China,Reine,Nursey,15,16,29,835,55,190,26
Brazil,Rhetta,Norcott,18,38,32,788,77,335,21
Brazil,Laverna,Kirtlan,4,11,22,512,56,127,27
Niger,Reynard,Jaggi,3,37,13,413,43,260,25
China,Mallorie,Brauns,11,8,40,905,86,143,26
Saudi Arabia,Bard,Duddin,5,19,36,826,67,24,23
Brazil,Brigit,Rodolico,7,18,18,169,73,276,18
Antigua and Barbuda,Tamarra,Sallows,8,35,24,228,27,47,19
China,Elliott,Childs,8,32,14,77,52,270,25
Russia,Pamelina,Carass,9,8,22,868,36,309,22
Russia,Evy,Box,20,27,21,120,88,447,21
Poland,Austen,Kentish,8,20,16,440,69,313,18
Indonesia,Gilburt,Berrington,10,10,34,547,89,46,29
China,Artair,Pedracci,9,29,35,627,5,264,21
Philippines,Berky,Simister,12,19,30,47,22,164,23
Vietnam,Ellissa,O' Hanvey,1,14,10,502,7,124,20
China,Angil,Triebner,10,21,20,514,8,210,26
Indonesia,Fay,Blaylock,17,29,10,824,44,446,23
Armenia,Gillie,Lamp,14,10,15,208,52,477,19
Dominican Republic,Ervin,Malimoe,2,28,29,68,44,491,29
Indonesia,Dorice,McCrie,20,39,15,342,40,231,29
Philippines,Linnie,Scryne,6,32,19,727,78,182,19
Indonesia,Corinna,Leonardi,7,20,39,581,81,155,18
Ukraine,Berni,Dudbridge,15,15,25,593,80,335,22
China,Correy,Froude,13,12,22,534,19,352,22
Papua New Guinea,Marten,By,19,25,14,128,8,80,25
United States,Stella,Beszant,10,25,10,166,92,82,24
Argentina,Carlota,Huntriss,3,32,10,552,74,208,28
China,Haskel,Bunning,14,16,30,644,80,453,25
Spain,Tessa,Garlicke,18,22,25,611,76,404,18
Paraguay,Christel,Boothe,3,22,15,942,24,143,21
Venezuela,Sherlock,Keemer,2,29,40,710,58,352,26
Indonesia,Sadye,Gable,1,35,12,898,24,421,25
Indonesia,Saxe,Collar,12,12,26,285,83,218,25
Bulgaria,Josefa,Heardman,15,6,16,992,74,464,27
Ireland,Maybelle,Jerdein,8,38,14,270,94,59,27
Cambodia,Dunn,Connors,2,12,40,595,60,275,20
Brazil,Julee,Dreossi,9,8,23,308,74,262,25
Kyrgyzstan,Paolina,Tamblyn,10,6,29,204,49,197,23
Thailand,Wilmar,Rapps,5,24,22,383,62,30,27
Jamaica,Alena,Idale,4,26,27,309,48,341,18
Estonia,Veronique,McCarrison,9,24,37,212,14,450,22
Russia,Zuzana,Kingzet,14,18,15,441,85,376,27
Russia,Lonni,Maddinon,9,15,27,200,58,202,26
Philippines,Roddie,Nolan,7,39,21,564,30,487,19
China,Nevins,McReath,19,12,38,547,39,299,20
Mongolia,Leodora,Tungay,15,34,18,424,8,343,28
Philippines,Lyndy,Lumly,13,25,18,60,26,367,19
China,Waylan,Featherstonhaugh,16,19,24,813,26,86,19
Greece,Doro,Dargan,3,16,12,888,25,148,27
Croatia,Verene,Yellep,7,33,24,612,7,52,28
Indonesia,Rosie,Pearl,17,5,23,193,8,457,19
Syria,Steve,Swinnerton,6,14,29,127,57,152,23
Chile,Ayn,Beau,18,7,28,582,43,215,22
Philippines,Diane-marie,Parfrey,9,33,39,74,14,72,29
Indonesia,Jaime,Darwent,17,20,20,110,17,412,19
China,Carole,Rawsen,2,12,23,895,62,20,19
Bulgaria,Percy,Jinda,19,17,18,129,64,202,18
Finland,Christin,Hooban,8,26,19,690,30,341,29
United States,Ardys,Sotham,3,32,18,590,90,436,29
China,Homer,Seeborne,4,30,30,956,26,432,23
United States,Hogan,Wathan,18,29,29,165,67,118,19
France,Demetria,Niesel,20,8,14,717,98,199,29
United States,Brendis,Yare,14,15,14,220,61,169,29
Indonesia,Clarie,Eyers,8,32,39,933,89,191,25
Indonesia,Chiquia,Carwithan,14,24,31,634,87,267,20
